{"stat.pickup.minecraft.bone":5,"stat.useItem.minecraft.iron_axe":63,"stat.leaveGame":4,"stat.pickup.minecraft.stone_pickaxe":2,"stat.mineBlock.minecraft.yellow_flower":1,"stat.craftItem.minecraft.iron_axe":1,"stat.pickup.minecraft.flower_pot":1,"stat.pickup.minecraft.fishing_rod":2,"stat.swimOneCm":16586,"stat.useItem.minecraft.planks":177,"stat.pickup.minecraft.porkchop":2,"stat.useItem.minecraft.dirt":17,"stat.useItem.minecraft.stone_slab2":70,"stat.pickup.minecraft.bow":4,"stat.pickup.minecraft.iron_boots":3,"stat.drop.minecraft.iron_sword":1,"stat.pickup.minecraft.rotten_flesh":15,"stat.pickup.minecraft.sand":380,"stat.pickup.minecraft.splash_potion":1,"stat.craftItem.minecraft.stone_axe":3,"stat.craftItem.minecraft.iron_boots":3,"stat.craftItem.minecraft.stone_pickaxe":1,"stat.pickup.minecraft.cobblestone":44,"stat.pickup.minecraft.wooden_hoe":2,"stat.pickup.minecraft.leather_boots":2,"stat.useItem.minecraft.stone_shovel":50,"stat.craftItem.minecraft.stone_sword":1,"stat.flyOneCm":156438,"stat.pickup.minecraft.sandstone":2,"stat.mineBlock.minecraft.sand":177,"stat.pickup.minecraft.fish":33,"stat.craftItem.minecraft.cooked_fish":4,"stat.drop.minecraft.gold_ingot":6,"stat.timeSinceDeath":156092,"stat.useItem.minecraft.iron_pickaxe":36,"stat.craftItem.minecraft.wooden_pickaxe":1,"stat.pickup.minecraft.double_plant":3,"stat.pickup.minecraft.wooden_axe":4,"stat.pickup.sexmod.allies_lamp":1,"stat.useItem.minecraft.oak_stairs":177,"stat.pickup.minecraft.wooden_shovel":3,"stat.furnaceInteraction":57,"stat.pickup.minecraft.wooden_sword":2,"stat.pickup.minecraft.string":7,"stat.pickup.minecraft.furnace":1,"stat.entityKilledBy.Skeleton":1,"stat.sprintOneCm":236188,"stat.pickup.minecraft.iron_chestplate":2,"stat.useItem.minecraft.fence":32,"stat.craftItem.minecraft.wooden_axe":1,"stat.craftItem.minecraft.stick":88,"stat.mineBlock.minecraft.fence":11,"stat.useItem.minecraft.wheat_seeds":10,"stat.mineBlock.minecraft.crafting_table":3,"stat.useItem.minecraft.wooden_shovel":426,"stat.useItem.minecraft.dye":2,"stat.mineBlock.minecraft.oak_stairs":55,"stat.mineBlock.minecraft.planks":34,"stat.deaths":3,"stat.pickup.minecraft.bowl":1,"stat.drop":9,"stat.playOneMinute":418047,"stat.craftItem.minecraft.wooden_shovel":8,"stat.craftItem.minecraft.iron_pickaxe":1,"stat.drop.minecraft.iron_boots":1,"stat.killEntity.Zombie":1,"stat.craftItem.minecraft.dye":3,"stat.mineBlock.minecraft.tallgrass":17,"stat.fishCaught":31,"stat.pickup.minecraft.netherrack":22,"stat.diveOneCm":50513,"stat.pickup.minecraft.wheat":12,"stat.chestOpened":87,"stat.useItem.minecraft.splash_potion":1,"stat.mineBlock.minecraft.netherrack":36,"stat.pickup.minecraft.arrow":11,"stat.pickup.minecraft.waterlily":3,"stat.pickup.minecraft.iron_sword":3,"stat.pickup.minecraft.stone_axe":2,"stat.useItem.minecraft.apple":4,"stat.craftItem.minecraft.coal":17,"stat.useItem.minecraft.rotten_flesh":6,"stat.jump":1878,"stat.useItem.minecraft.sand":85,"stat.pickup.minecraft.fence":11,"stat.pickup.minecraft.coal":35,"stat.pickup.minecraft.iron_helmet":2,"stat.fallOneCm":40178,"stat.pickup.minecraft.iron_ingot":2,"stat.useItem.minecraft.stone_axe":337,"stat.pickup.minecraft.gunpowder":5,"stat.craftItem.minecraft.bread":10,"stat.crouchOneCm":23397,"stat.mineBlock.minecraft.chest":2,"stat.pickup.minecraft.spider_eye":1,"stat.craftItem.minecraft.torch":100,"stat.craftItem.minecraft.iron_ingot":18,"stat.pickup.minecraft.dirt":659,"stat.craftItem.minecraft.iron_helmet":2,"stat.drop.minecraft.bed":1,"stat.craftingTableInteraction":57,"stat.useItem.minecraft.glass":38,"stat.pickup.minecraft.stone_shovel":2,"stat.boatOneCm":1244212,"stat.useItem.minecraft.sapling":2,"stat.pickup.sexmod.dragon_staff":1,"stat.damageTaken":1657,"stat.pickup.minecraft.record_cat":3,"stat.mineBlock.minecraft.furnace":1,"stat.mineBlock.minecraft.torch":12,"stat.useItem.minecraft.wooden_pickaxe":48,"stat.craftItem.minecraft.wooden_sword":1,"stat.pickup.minecraft.planks":60,"stat.pickup.minecraft.iron_leggings":1,"stat.pickup.minecraft.reeds":4,"stat.pickup.minecraft.bed":1,"stat.pickup.minecraft.wheat_seeds":31,"stat.pickup.minecraft.oak_stairs":59,"stat.mineBlock.minecraft.glass":3,"stat.useItem.minecraft.stone_sword":20,"stat.craftItem.minecraft.iron_leggings":1,"stat.damageDealt":957,"stat.craftItem.minecraft.glass":46,"stat.sleepInBed":2,"stat.craftItem.minecraft.oak_stairs":144,"stat.mineBlock.minecraft.dirt":350,"stat.useItem.minecraft.crafting_table":1,"stat.craftItem.minecraft.stone_shovel":1,"stat.walkOneCm":972638,"stat.useItem.minecraft.torch":50,"stat.useItem.minecraft.bread":10,"stat.useItem.minecraft.chest":1,"stat.pickup.minecraft.stick":7,"stat.pickup.minecraft.crafting_table":3,"stat.useItem.minecraft.log":89,"stat.craftItem.minecraft.leather_boots":1,"stat.mineBlock.minecraft.double_plant":1,"stat.pickup.minecraft.log":248,"stat.useItem.minecraft.cooked_fish":4,"stat.pickup.minecraft.iron_pickaxe":2,"stat.craftItem.minecraft.gold_ingot":6,"stat.pickup.minecraft.stone":10,"stat.craftItem.minecraft.iron_chestplate":1,"stat.pickup.minecraft.sapling":123,"stat.pickup.minecraft.apple":4,"stat.pickup.minecraft.gold_ingot":2,"stat.killEntity.Skeleton":2,"stat.pickup.minecraft.beetroot":3,"stat.craftItem.minecraft.planks":472,"stat.useItem.minecraft.iron_sword":4,"stat.killEntity.Spider":3,"stat.pickup.minecraft.stone_sword":3,"stat.craftItem.minecraft.fishing_rod":2,"stat.mobKills":5,"stat.mineBlock.minecraft.log":244,"stat.craftItem.minecraft.fence":30,"stat.pickup.minecraft.iron_horse_armor":1,"stat.mineBlock.minecraft.leaves":162,"stat.pickup.minecraft.torch":15,"stat.pickup.minecraft.red_flower":2,"stat.sneakTime":8128,"stat.entityKilledBy.Blaze":1,"stat.useItem.minecraft.wooden_axe":61,"stat.pickup.minecraft.yellow_flower":1,"stat.mineBlock.minecraft.stone":47,"stat.useItem.minecraft.fishing_rod":79,"stat.useItem.minecraft.beetroot":8,"stat.pickup.minecraft.chest":3}