{"stat.leaveGame":21,"stat.craftItem.minecraft.iron_axe":1,"stat.killEntity.Blaze":9,"stat.craftItem.minecraft.ender_eye":1,"stat.useItem.minecraft.planks":265,"stat.pickup.minecraft.glowstone_dust":2,"stat.pickup.minecraft.porkchop":6,"stat.useItem.minecraft.water_bucket":3,"stat.pickup.minecraft.rotten_flesh":26,"stat.craftItem.sexmod.npc_editor_wand":1,"stat.pickup.minecraft.sand":594,"stat.entityKilledBy.Spider":1,"stat.pickup.minecraft.name_tag":2,"stat.craftItem.minecraft.stone_sword":1,"stat.craftItem.minecraft.iron_shovel":1,"stat.pickup.minecraft.brown_mushroom":1,"stat.mineBlock.minecraft.sand":584,"stat.killEntity.Witch":2,"stat.craftItem.minecraft.wooden_hoe":1,"stat.craftItem.minecraft.cooked_fish":3,"stat.drop.minecraft.gold_ingot":1,"stat.craftItem.minecraft.blaze_powder":6,"stat.useItem.minecraft.iron_pickaxe":485,"stat.useItem.minecraft.spawn_egg":26,"stat.craftItem.minecraft.wooden_pickaxe":1,"stat.drop.sexmod.dragon_staff":1,"stat.useItem.minecraft.iron_shovel":500,"stat.pickup.minecraft.ghast_tear":4,"stat.craftItem.minecraft.glass_pane":16,"stat.useItem.minecraft.oak_stairs":4,"stat.furnaceInteraction":84,"stat.pickup.minecraft.furnace":3,"stat.useItem.minecraft.trapdoor":7,"stat.pickup.minecraft.iron_chestplate":1,"stat.useItem.minecraft.flint_and_steel":1,"stat.useItem.minecraft.wheat_seeds":282,"stat.useItem.minecraft.dye":31,"stat.mineBlock.minecraft.oak_stairs":1,"stat.deaths":3,"stat.pickup.minecraft.egg":1,"stat.playOneMinute":406558,"stat.pickup.minecraft.blaze_rod":6,"stat.craftItem.minecraft.iron_pickaxe":4,"stat.mineBlock.minecraft.tallgrass":228,"stat.pickup.minecraft.netherrack":84,"stat.chestOpened":256,"stat.useItem.minecraft.splash_potion":7,"stat.useItem.minecraft.stone":1,"stat.mineBlock.minecraft.netherrack":89,"stat.pickup.minecraft.arrow":34,"stat.pickup.minecraft.iron_sword":1,"stat.killEntity.Ghast":10,"stat.craftItem.minecraft.coal":13,"stat.fallOneCm":28776,"stat.crouchOneCm":27367,"stat.mineBlock.minecraft.chest":2,"stat.craftItem.minecraft.chest":6,"stat.craftItem.minecraft.iron_ingot":91,"stat.craftingTableInteraction":62,"stat.pickup.minecraft.dye":26,"stat.pickup.minecraft.planks":34,"stat.mineBlock.minecraft.spruce_fence":2,"stat.pickup.minecraft.wheat_seeds":477,"stat.mineBlock.minecraft.gravel":4,"stat.useItem.minecraft.stone_pickaxe":131,"stat.useItem.minecraft.stone_sword":71,"stat.craftItem.minecraft.iron_leggings":3,"stat.craftItem.minecraft.oak_stairs":4,"stat.mineBlock.minecraft.dirt":106,"stat.flowerPotted":4,"stat.useItem.minecraft.torch":275,"stat.useItem.minecraft.bread":25,"stat.pickup.minecraft.crafting_table":7,"stat.useItem.minecraft.log":46,"stat.useItem.minecraft.cobblestone":44,"stat.craftItem.minecraft.crafting_table":5,"stat.useItem.minecraft.gravel":2,"stat.craftItem.minecraft.boat":4,"stat.pickup.minecraft.log":166,"stat.useItem.minecraft.cooked_fish":3,"stat.pickup.minecraft.iron_pickaxe":4,"stat.craftItem.minecraft.gold_ingot":18,"stat.pickup.minecraft.sapling":66,"stat.craftItem.minecraft.brewing_stand":1,"stat.pickup.minecraft.apple":7,"stat.pickup.minecraft.banner":2,"stat.pickup.minecraft.beetroot":12,"stat.craftItem.minecraft.planks":296,"stat.useItem.minecraft.iron_sword":205,"stat.killEntity.WitherSkeleton":5,"stat.pickup.minecraft.stone_sword":3,"stat.mineBlock.minecraft.log":139,"stat.craftItem.minecraft.wooden_door":6,"stat.useItem.minecraft.stone_hoe":42,"stat.useItem.minecraft.wooden_door":4,"stat.craftItem.minecraft.sugar":1,"stat.useItem.minecraft.beetroot_seeds":10,"stat.pickup.minecraft.red_flower":10,"stat.sneakTime":7917,"stat.useItem.minecraft.wooden_axe":135,"stat.pickup.minecraft.yellow_flower":17,"stat.pickup.minecraft.chest":1,"stat.pickup.minecraft.bone":41,"stat.useItem.minecraft.iron_axe":84,"stat.mineBlock.minecraft.cobblestone":4,"stat.pickup.minecraft.flint":1,"stat.mineBlock.minecraft.yellow_flower":17,"stat.swimOneCm":56717,"stat.pickup.minecraft.cooked_porkchop":2,"stat.craftItem.minecraft.gold_block":1,"stat.useItem.minecraft.obsidian":15,"stat.useItem.minecraft.dirt":435,"stat.useItem.minecraft.stone_slab2":802,"stat.pickup.minecraft.bow":5,"stat.pickup.minecraft.iron_boots":2,"stat.pickup.minecraft.stone_hoe":2,"stat.craftItem.minecraft.furnace":2,"stat.useItem.minecraft.egg":1,"stat.craftItem.minecraft.iron_boots":3,"stat.craftItem.minecraft.trapdoor":8,"stat.craftItem.minecraft.stone_pickaxe":1,"stat.mineBlock.minecraft.obsidian":19,"stat.pickup.minecraft.cobblestone":513,"stat.craftItem.minecraft.bow":2,"stat.drop.minecraft.fence":1,"stat.drop.sexmod.allies_lamp":1,"stat.flyOneCm":1233322,"stat.craftItem.minecraft.glass_bottle":9,"stat.pickup.minecraft.glass_bottle":2,"stat.pickup.minecraft.redstone":182,"stat.mineBlock.minecraft.iron_ore":110,"stat.timeSinceDeath":340573,"stat.pickup.minecraft.wooden_axe":3,"stat.pickup.minecraft.spruce_fence":1,"stat.drop.minecraft.dirt":1,"stat.useItem.minecraft.cooked_porkchop":6,"stat.pickup.minecraft.trapdoor":3,"stat.mineBlock.minecraft.coal_ore":170,"stat.killEntity.Creeper":6,"stat.craftItem.minecraft.stone_hoe":1,"stat.pickup.minecraft.string":3,"stat.entityKilledBy.Skeleton":1,"stat.craftItem.minecraft.stone_slab2":0,"stat.drop.minecraft.oak_stairs":8,"stat.sprintOneCm":668594,"stat.craftItem.minecraft.wooden_axe":4,"stat.craftItem.minecraft.stick":92,"stat.mineBlock.minecraft.diamond_ore":8,"stat.mineBlock.minecraft.crafting_table":3,"stat.useItem.minecraft.diamond_pickaxe":19,"stat.useItem.minecraft.bucket":4,"stat.mineBlock.minecraft.planks":26,"stat.drop":14,"stat.drop.minecraft.iron_boots":1,"stat.craftItem.minecraft.diamond_pickaxe":1,"stat.killEntity.Zombie":23,"stat.craftItem.minecraft.dye":33,"stat.mineBlock.minecraft.gold_ore":25,"stat.diveOneCm":30739,"stat.pickup.minecraft.wheat":220,"stat.pickup.minecraft.gravel":14,"stat.craftItem.minecraft.cooked_porkchop":6,"stat.useItem.minecraft.glass_bottle":3,"stat.useItem.minecraft.apple":4,"stat.pickup.minecraft.obsidian":19,"stat.useItem.minecraft.rotten_flesh":17,"stat.useItem.minecraft.sand":10,"stat.jump":2577,"stat.useItem.minecraft.wooden_hoe":15,"stat.pickup.minecraft.fence":1,"stat.pickup.minecraft.coal":349,"stat.pickup.minecraft.iron_helmet":1,"stat.pickup.minecraft.iron_ingot":15,"stat.pickup.minecraft.gunpowder":22,"stat.craftItem.minecraft.bread":60,"stat.pickup.minecraft.spider_eye":5,"stat.craftItem.minecraft.torch":228,"stat.pickup.minecraft.dirt":122,"stat.craftItem.minecraft.iron_helmet":3,"stat.craftItem.minecraft.end_crystal":1,"stat.pickup.minecraft.iron_ore":146,"stat.useItem.minecraft.glass":14,"stat.boatOneCm":490377,"stat.useItem.minecraft.sapling":22,"stat.pickup.minecraft.gold_ore":51,"stat.mineBlock.minecraft.lapis_ore":4,"stat.craftItem.minecraft.flint_and_steel":1,"stat.brewingstandInteraction":13,"stat.damageTaken":2213,"stat.mineBlock.minecraft.furnace":1,"stat.mineBlock.minecraft.torch":6,"stat.mineBlock.minecraft.red_flower":10,"stat.useItem.minecraft.wooden_pickaxe":59,"stat.mineBlock.minecraft.sapling":1,"stat.pickup.minecraft.bed":4,"stat.pickup.minecraft.oak_stairs":10,"stat.damageDealt":16545,"stat.craftItem.minecraft.glass":87,"stat.sleepInBed":2,"stat.craftItem.minecraft.iron_sword":3,"stat.pickup.minecraft.boat":2,"stat.craftItem.sexmod.dragon_staff":1,"stat.walkOneCm":781895,"stat.useItem.minecraft.chest":2,"stat.pickup.minecraft.stick":8,"stat.drop.minecraft.iron_chestplate":1,"stat.pickup.minecraft.stone":48,"stat.craftItem.minecraft.iron_chestplate":3,"stat.pickup.minecraft.ender_pearl":2,"stat.pickup.minecraft.gold_ingot":6,"stat.useItem.minecraft.netherrack":606,"stat.killEntity.Skeleton":24,"stat.killEntity.Spider":5,"stat.mobKills":88,"stat.useItem.minecraft.boat":6,"stat.pickup.minecraft.water_bucket":2,"stat.pickup.minecraft.diamond":8,"stat.mineBlock.minecraft.leaves":119,"stat.pickup.minecraft.beetroot_seeds":31,"stat.pickup.minecraft.torch":117,"stat.mineBlock.minecraft.redstone_ore":20,"stat.mineBlock.minecraft.stone":246}