{"stat.chestOpened":5,"stat.useItem.minecraft.bow":1,"stat.walkOneCm":88604,"stat.useItem.minecraft.bread":5,"stat.useItem.minecraft.iron_axe":3,"stat.leaveGame":7,"stat.pickup.minecraft.iron_sword":1,"stat.pickup.minecraft.log":6,"stat.pickup.minecraft.string":1,"stat.jump":470,"stat.swimOneCm":3175,"stat.pickup.minecraft.iron_helmet":2,"stat.fallOneCm":12626,"stat.climbOneCm":2210,"stat.pickup.minecraft.iron_pickaxe":1,"stat.entityKilledBy.Skeleton":1,"stat.pickup.minecraft.stone":1,"stat.crouchOneCm":399,"stat.mineBlock.minecraft.chest":1,"stat.pickup.minecraft.sapling":4,"stat.pickup.minecraft.dirt":5,"stat.useItem.minecraft.dirt":4,"stat.sprintOneCm":74904,"stat.pickup.minecraft.iron_chestplate":1,"stat.useItem.minecraft.stone_slab2":1,"stat.pickup.minecraft.iron_boots":1,"stat.boatOneCm":69718,"stat.useItem.minecraft.iron_sword":7,"stat.pickup.minecraft.iron_axe":1,"stat.damageTaken":639,"stat.pickup.minecraft.bread":16,"stat.pickup.minecraft.cobblestone":2,"stat.mineBlock.minecraft.log":6,"stat.pickup.minecraft.iron_leggings":1,"stat.drop.minecraft.iron_helmet":1,"stat.flyOneCm":45390,"stat.deaths":2,"stat.drop":2,"stat.pickup.minecraft.wheat_seeds":1,"stat.playOneMinute":39593,"stat.sneakTime":110,"stat.damageDealt":200,"stat.sleepInBed":2,"stat.timeSinceDeath":9067,"stat.drop.minecraft.chest":1,"stat.mineBlock.minecraft.dirt":6,"stat.useItem.minecraft.iron_pickaxe":3,"stat.mineBlock.minecraft.stone":2,"stat.diveOneCm":10123,"stat.pickup.minecraft.chest":2}