{"stat.chestOpened":1,"stat.walkOneCm":24378,"stat.useItem.minecraft.bread":2,"stat.pickup.minecraft.iron_axe":1,"stat.useItem.minecraft.iron_axe":1,"stat.leaveGame":6,"stat.pickup.minecraft.iron_sword":1,"stat.damageTaken":30,"stat.pickup.minecraft.bread":16,"stat.mineBlock.minecraft.log":6,"stat.pickup.minecraft.iron_leggings":1,"stat.pickup.minecraft.log":6,"stat.drop.minecraft.iron_helmet":1,"stat.flyOneCm":24485,"stat.drop":2,"stat.jump":175,"stat.swimOneCm":1403,"stat.playOneMinute":15180,"stat.pickup.minecraft.iron_helmet":2,"stat.fallOneCm":4793,"stat.pickup.minecraft.iron_pickaxe":1,"stat.sneakTime":9,"stat.mineBlock.minecraft.chest":1,"stat.timeSinceDeath":15180,"stat.drop.minecraft.chest":1,"stat.pickup.minecraft.sapling":4,"stat.sprintOneCm":21981,"stat.pickup.minecraft.iron_chestplate":1,"stat.pickup.minecraft.iron_boots":1,"stat.diveOneCm":5476,"stat.pickup.minecraft.chest":2}