{"stat.chestOpened":2,"stat.useItem.minecraft.bow":1,"stat.walkOneCm":34689,"stat.useItem.minecraft.bread":2,"stat.useItem.minecraft.iron_axe":1,"stat.leaveGame":7,"stat.pickup.minecraft.iron_sword":1,"stat.pickup.minecraft.log":6,"stat.jump":303,"stat.swimOneCm":2240,"stat.pickup.minecraft.iron_helmet":2,"stat.fallOneCm":7302,"stat.climbOneCm":1020,"stat.pickup.minecraft.iron_pickaxe":1,"stat.crouchOneCm":399,"stat.mineBlock.minecraft.chest":1,"stat.pickup.minecraft.sapling":4,"stat.sprintOneCm":67867,"stat.pickup.minecraft.iron_chestplate":1,"stat.pickup.minecraft.iron_boots":1,"stat.boatOneCm":69718,"stat.pickup.minecraft.iron_axe":1,"stat.damageTaken":320,"stat.pickup.minecraft.bread":16,"stat.mineBlock.minecraft.log":6,"stat.pickup.minecraft.iron_leggings":1,"stat.drop.minecraft.iron_helmet":1,"stat.flyOneCm":42900,"stat.deaths":1,"stat.drop":2,"stat.playOneMinute":26993,"stat.sneakTime":110,"stat.damageDealt":19,"stat.sleepInBed":1,"stat.timeSinceDeath":8793,"stat.drop.minecraft.chest":1,"stat.diveOneCm":6081,"stat.pickup.minecraft.chest":2}