{"stat.chestOpened":2,"stat.useItem.minecraft.bow":1,"stat.walkOneCm":25436,"stat.useItem.minecraft.bread":2,"stat.pickup.minecraft.iron_axe":1,"stat.useItem.minecraft.iron_axe":1,"stat.leaveGame":7,"stat.pickup.minecraft.iron_sword":1,"stat.damageTaken":290,"stat.pickup.minecraft.bread":16,"stat.mineBlock.minecraft.log":6,"stat.pickup.minecraft.iron_leggings":1,"stat.pickup.minecraft.log":6,"stat.drop.minecraft.iron_helmet":1,"stat.flyOneCm":28867,"stat.deaths":1,"stat.drop":2,"stat.jump":191,"stat.swimOneCm":1403,"stat.playOneMinute":19752,"stat.pickup.minecraft.iron_helmet":2,"stat.fallOneCm":5478,"stat.pickup.minecraft.iron_pickaxe":1,"stat.sneakTime":60,"stat.mineBlock.minecraft.chest":1,"stat.sleepInBed":1,"stat.timeSinceDeath":1552,"stat.drop.minecraft.chest":1,"stat.pickup.minecraft.sapling":4,"stat.sprintOneCm":25995,"stat.pickup.minecraft.iron_chestplate":1,"stat.pickup.minecraft.iron_boots":1,"stat.diveOneCm":5476,"stat.pickup.minecraft.chest":2}